date,title,text,bewertung,sterne,author,land,n√ºtzlich,date_online
Datum der Erfahrung: 05. September 2023,Warum funktioniert es bei der Deutschen Bahn nicht mehr?,"Es kann doch nicht sein, dass man die letzten 20 Jahre keine Zugfahrt ohne Versp√§tung, ohne dass nicht irgend ein Defekt am Zug passiert, ohne Zugausfall, und noch Vieles mehr an Verhinderung einer reibungslosen Zugfahrt passiert!!!Armes Deutscland! Die DB samt der Nebenbuhler kann man mittlerweile schlechthin vergessen!Unternehmen doch endlich mal was f√ºr reibungslose Zugfahrten.Fr√ºher gings doch auch, vielleicht ein bisschen langsamer, aber daf√ºr reibungslos und p√ºnktlich!Jemand aus S√ºdafrika, bei uns zu Besuch vor 25 Jahren, war damals als Eisenbahnfan v√∂llig begeistert von der P√ºnktlichkeit und von den sekunden-geplsnten Abfahrten: Die Zeiten sind wohl l√§ngst vorbei?SCHADE DB!!!!!!!!",2 Bewertungen,Bewertet mit 1 von 5 Sternen,Claudia Birke,DE,,
Datum der Erfahrung: 05. September 2023,Totaler Sch3iss,"Totaler Sch3iss, Bahnen fallen aus ohne das irgendwie darauf hingewiesen geschweigedenn sivh entschuldigt wird.0sterne. G√§be es eine Alternative die f√ºr den doppelten preis besser laufen w√ºrde, w√ºrde ich diese auf jedenfall nehmen .",1 Bewertung,Bewertet mit 1 von 5 Sternen,Tom.,DE,,
Datum der Erfahrung: 06. September 2023,Versp√§tungen sind die Regel,"Man muss immer mit Versp√§tungen rechnen und muss sich dann meistens auch noch in einen √ºberf√ºllten Zug mit zu wenig Wagen quetschen, damit man dann auch mal ankommt und nicht noch auf den n√§chsten versp√§teten Zug warten muss",1 Bewertung,Bewertet mit 1 von 5 Sternen,Nik Weischer,DE,,
Datum der Erfahrung: 27. August 2023,Zu k√ºhl,"Diverse Versp√§tungen kann ich durchaus tolerieren. Was mir aber das Fahren verleidet sind die Klimaanlagen. Bin inzwischen durch Bahnfahren chronisch erk√§ltet, was nun m√∂glicherweise einige Operationen nachsichzieht. Es ist in den Z√ºgen meistens zu kalt, bzw. die Klimaanlage bombardiert einen mit kalter Luft. F√§llt dann einmal in einem Wagen die Klimaanlage aus, darf man ihn leider (auch auf eigenes Risiko hin) nicht benutzen. Ich denke, ich bin mit meinem Problem nicht allein. Werde wohl k√ºnftig das Bahnfahren einschr√§nken m√ºssen. Oder gibt es Abhilfe?",2 Bewertungen,Bewertet mit 1 von 5 Sternen,Christoph Kukofka,DE,,
Datum der Erfahrung: 04. September 2023,Versp√§tung und unzuverl√§ssig,"Versp√§tung, Versp√§tung, Versp√§tung.Zug bleibt immer wieder eine ganz Weile stehen ohne Infos warum. Ankunftszeit wird aber logischerweise immer sp√§ter..Wenn man frustfrei Zug fahren m√∂chte kann man dies leider nur au√üerhalb von Deutschland. Schade.",1 Bewertung,Bewertet mit 1 von 5 Sternen,Jeremias Katscher,DE,,
Datum der Erfahrung: 06. September 2023,HBF Stuttgart/ Versp√§tungen + Preiserh√∂hungen,"Am 05.09. Abends kostet meine Fahrt f√ºr den n√§chsten Tag noch 17,90. Am n√§chsten Tag morgens schon 22,90. 2 Stunden sp√§ter am HBF am Automaten kostet die Fahrt schon 30 euro plus 1 h Versp√§tung. PS: w√§hrend ich auf den Zug warte pausenlose Durchsagen wegen Versp√§tung, Gleiswechsel, etc. Eine nach der anderen, ohne pause. Wahnsinn!",1 Bewertung,Bewertet mit 1 von 5 Sternen,Mykola Mahony,DE,,
Datum der Erfahrung: 06. September 2023,Entwicklungsland Deutschland,Wie kann es sein das bei einem Oberleitungsschaden (heute 06.09.2023) im Raum Dortmund Hbf ein Zug (RE5) der von Oberhausen nach Koblenz f√§hrt einfach ausf√§llt? Einfach nur zum k o t z e n. Die Z√ºge sind einfach von der Anzeige verschwunden und auf Durchsagen wurde am Bahnhof Duisburg direkt verzichtet. Eigentlich 0 Sterne wert.,1 Bewertung,Bewertet mit 1 von 5 Sternen,Oliver Julien Loos,DE,,
Datum der Erfahrung: 01. September 2023,Ansich finde ich die bahnen super‚Ä¶,Ansich finde ich die bahnen super vorallem jetzt mit dem kostenlosem wlan und den steck Dosen.. w√ºrde der Zug nicht immer so kalt sein bei diesen Au√üentemperaturen in Bayern und jetzt wo f√ºr viele die Ausbildungen und Schulen wieder anfangen nicht zu sp√§t kommen w√ºrde w√ºrde ich ihnen probleme 5 Sterne geben. :(,1 Bewertung,Bewertet mit 4 von 5 Sternen,Celina,DE,,
Datum der Erfahrung: 02. September 2023,Ich h√§tte 2 Stunden brauchen sollen,"Ich h√§tte 2 Stunden brauchen sollen. Am Ende bin ich 6 Stunden gefahren. 6 Stunden !! Und das Beste, auf der R√ºckfahrt am n√§chsten Tag genau das gleiche !Aufgrund dessen, fange ich jetzt meinen F√ºhrerschein an. Umweltfreundlich Reisen ist in Deutschland halt leider keine Option.",3 Bewertungen,Bewertet mit 1 von 5 Sternen,Libellchen Honig,DE,,
Datum der Erfahrung: 03. September 2023,"Irgendwann wird es bestimmt besser, aber die Tage werde ich bestimmt nicht mehr sehen",Einfach nur ein l√§cherliches Unternehmen! Bitte nehmen Sie das ‚ÄòDeutsche‚Äô aus dem Namen; das schadet dem verbleibenden Ansehen Deutschlands!,4 Bewertungen,Bewertet mit 1 von 5 Sternen,HB,DE,,
Datum der Erfahrung: 30. August 2023,Leute behaltet blo√ü euer Auto,"Leute behaltet blo√ü euer Auto. So unzuverl√§ssig wie die DB ist, geht gar nicht. Ich fahre wenig, aber jedes Mal gibt es Probleme. Am gleichen Tag fuhren mehrere Z√ºge, ohne Hinweis, einfach nicht nach D√ºsseldorf. Mir ist aufgefallen, dass pl√∂tzlich vermehrt ICE und Co. Daf√ºr fahren. ( Geldmache!? Damit Deutschlandticketbesitzer so drauf zahlen?) Ich bin gegen 9 Uhr los und kam nicht zu neinem Gerichtstermin um 11 Uhr an. Die S11 fuhr dann Alternativ gegen 10:30 Uhr aber w√§re erst gegen 12 angekommen. Somit kam ich gar nicht an. Wie sieht das aus? Sonst auch mega Wartezeiten, ich komme nie zu meinen Terminen rechtzeitig an! Was soll das? Es muss unbedingt zuverl√§ssiger werden doer eine Alternative her.",1 Bewertung,Bewertet mit 1 von 5 Sternen,Tina,DE,,
Datum der Erfahrung: 04. September 2023,Unzuverl√§ssig,"Nur Versp√§tungen, teilweise hat man das Gef√ºhl das schon Ausreden genutzt werden. Von ein auf die andere Minute ist es ein anderer Grund f√ºr die Versp√§tung..",1 Bewertung,Bewertet mit 1 von 5 Sternen,Lena Heuer,DE,,
Datum der Erfahrung: 29. August 2023,"Alles schief gelaufen, was schief laufen konnte.","Haben heute versucht, von Aachen zur√ºck nach Stade zu reisen... Relativ kurz vor Abreisebeginn wurde ich dar√ºber benachrichtigt, dass in Aachen alle Bahnen nach K√∂ln, wo wir unseren gebuchten ICE nehmen wollten, leider ausfallen. Hingen dann auf unserem Alternativweg nach K√∂ln eine halbe Stunde lang irgendwo in Rheydt fest, weil es Reparaturen an einer Bahn gab und haben dadurch den ICE verpasst. Der Alternativ-ICE fuhr dann durch einen Fehler von wem auch immer erst in die falsche Richtung, wodurch wir dann auch noch unseren Anschlusszug in Harburg Richtung Stade verpasst haben. Kann man sich nicht ausdenken. Werden 1,5 Stunden sp√§ter als geplant zu Hause ankommen. F√ºr dieses Erlebnis sind au√üerdem die Bahnpreise unversch√§mt.",1 Bewertung,Bewertet mit 1 von 5 Sternen,Julia,DE,,
Datum der Erfahrung: 31. August 2023,Unglaublich aber war,"Unglaublich aber war . Job Ticket als Deutschland Ticket bestellt. Eine Bestellbest√§tigung habe ich nie erhalten, das Geld wurde jedoch vom Konto ab gezogen. Jetzt kommt es noch besser ‚Ä¶.keine Rufnummer die gew√§hlt wird kann einem helfen nichtmal die Kunden Hotline des Deutschland Tickets. Man kann den Auftrag sehen jedoch kann man nichts machen ‚Ä¶auch nicht stornieren also eine wohl gemerkt nie erhaltene Bestellbest√§tigung des Tickets zum vorweisen bei der Kontrolle. Die deutsche Bahn bucht weiter vom Konto ab trotz Einzug der einzugsermachtigung !!!!  gehts noch ?! Es ist alles detaiert und dennoch reagiert keiner. Mir wurde gesagt ich muss via Mail kundigen, also das was ich seit dem 3.8.23 versuche !",15 Bewertungen,Bewertet mit 1 von 5 Sternen,Uthanda Ubomi,DE,,
Datum der Erfahrung: 31. August 2023,Ein Stern ist noch zuviel,"Ein Stern ist noch zuviel, ging um Auskunft,von Mannheim-Frankfurt Airport. Mitarbeiterin meinte, dass wegen Baustelle Niederrad gesperrt  wurde. So dass weder die S8 noch die S9 Airport anf√§hrt. M√ºsste dann √ºber Mainz zum Airport Frankfurt fahren. Habe dies auch getan, in Frankfurt angekommen. Gleich zur Info und Nachgefragt, hier f√§hrt der RE70 wie gewohnt √ºber Niederrad. Ohne Sperrung, so dass die Mitarbeiter in Mannheim an Unf√§higkeit nicht zu √ºberbieten sind.",38 Bewertungen,Bewertet mit 1 von 5 Sternen,Andreas,DE,,
Datum der Erfahrung: 30. August 2023,Unzuverl√§ssig unp√ºnktlich dreckig laut schlechte Luft,2 Tage Bahnfahrt = 2 Tage zu sp√§t bei der Arbeit und jeweils statt 30 min jeweils √úBER 2 STUNDEN unterwegs gewesen. K√ºndigung Deutschlandticket ist raus. Hauptsache Milliarden damit verdient und die Leistung ist ne Katastrophe,31 Bewertungen,Bewertet mit 1 von 5 Sternen,FU,DE,,
Datum der Erfahrung: 29. August 2023,Deutsche Bahn total ausfallUnternehmen dem die Fahrg√§ste egal,"Ein Unternehmen dem die Fahrg√§ste egal. Ein Unternehmen dem egal ist ob Z√ºge √ºberhaupt noch im Ruhrgebiet und Gebieten D√ºsseldorf, K√∂ln, kleve verkehren. Die Ausf√§lle und Versp√§tungen haben eine Ausma√ü angenommen das klar anzeigt das der Deutschen Bahn sch.... egal ist das ihre Kunden und Fahrg√§ste krank werden und egal ist wie diese zur Arbeit kommen. Durch die Ausf√§lle und Versp√§tungen heute d√ºrften wohl wieder welche ihren Arbeitsplatz verlieren. Geile Leistung. Sch√∂n das man sich wegen denen jederzeit mit K√ºndigung rechnen muss weil man als Handwerker nicht rechtzeitig ausweichen kann oder √ºberhaupt nicht. Nicht jeder hat einen F√ºhrerschein. Hoffe die sind stolz drauf mit welch krimineller Energie die da vorgehen.",5 Bewertungen,Bewertet mit 1 von 5 Sternen,M.Marosi,DE,,
Datum der Erfahrung: 02. September 2023,unverl√§sslich wie eh und je,"Das einzige verl√§ssliche an der bahn ist ihre unverl√§sslichkeit. We plant mit der bahn zu reisen, sollte mindestens 2 stunden f√ºr die versp√§tung einplanen.",2 Bewertungen,Bewertet mit 1 von 5 Sternen,Nadine Buhl,DE,,
Datum der Erfahrung: 17. Juli 2023,Kulanz ist hier Fehlanzeige,"Kulanz ist hier Fehlanzeige. Ich habe 5 Tage zu sp√§t meine BahnCard young gek√ºndigt unter Angabe, dass mein Vater leider 2 Tage vor Ende der  K√ºndigungsfrist verstorben ist und ich habe eine Sterbeurkunde eingereicht. 2 Tage zu sp√§t.. Leider wurde aus meiner BahnCard die ich f√ºr 68‚Ç¨ hatte eine neue BahnCard f√ºr 244‚Ç¨.. √úber die Preissteigerung und die automatische Verl√§ngerung gab es auch keine Information seitens der Bahn. Traurig, dass man nicht nur als Fahrgast im Regen stehen gelassen wird, sondern auch als langj√§hriger Kunde!",1 Bewertung,Bewertet mit 1 von 5 Sternen,Hannah Schr√§der,DE,,
Datum der Erfahrung: 03. September 2023,Versp√§tung ohne Ende!,"Ich bin derzeit bei der H√§lfte der Fahrt und habe schon 30 Minuten Versp√§tung. Anschlusszug schon sicher verpasst. Somit muss ich 1 Stunde auf den n√§chsten Anschlusszug warten. Als Grund wird angegeben, dass wir Abstand zu einem Zug vor uns halten mussten. Kann nicht mehr als 1 Stern geben.",1 Bewertung,Bewertet mit 1 von 5 Sternen,Danski,AT,,
Datum der Erfahrung: 29. August 2023,"Das allerletzte, schlechtester Service aller Zeiten","Wir wollten zu einer Beerdigung fahren, meine Tochter und ich. Da meine Tochter in NRW studiert, hat sie nur ein Anschlussticket f√ºr den ICE gekauft. Leider sind in ihrer Heimatstadt alle Oberleitungen im Eimer und der angek√ºndigte SEV taucht einfach nicht auf. Ihr ICE Ticket bekommt sie vermutlich nicht zur√ºck erstattet, denn der Zug w√§re p√ºnktlich gefahren und eine weitere Reservierung hatte sie ja nicht. Also, ihr Pech. Ganz ehrlich, die Bahn ist das allerletzte und wer die Chance hat, drauf zu verzichten, sollte das unbedingt tun. Oder ein Ticket 1. Klasse buchen, dann kriecht man dem Kunden n√§mlich in den Hintern. Ganz davon abgesehen, dass die Fahrt zur Beerdigung ihres Opas f√ºr meine Tochter ins Wasser f√§llt, obwohl wir rechtzeitig geplant und gebucht haben.",1 Bewertung,Bewertet mit 1 von 5 Sternen,Jessica Weinig-Bach,DE,,
Datum der Erfahrung: 01. September 2023,Bitte bucht euch nicht das 49 Euro‚Ä¶,"Bitte bucht euch nicht das 49 Euro Ticket ! Es ist so ein Knebel Abo. Man kommt nicht raus und wird nur mit automatischen Antworten abgew√ºrgt. Ich habe f√ºr mich und meinen Mann vor 3 Monaten ein Ticket gekauft. Beim ersten Mal konnte man es gar nicht k√ºndigen und musste sich per Mail melden. Beim zweiten Mal habe ich eine automatische Antwort bekommen, womit ich nichts anfangen konnte. Es hat mich 0,0 weitergebracht. Ich verstehe generell nicht wieso einem das so schwer gemacht wird ! Bucht euch lieber ein einmaliges Ticket oder fahrt mit dem Auto. Es lohnt sich nicht ! In meinen Augen eine ziemlich fiese Masche jemand Geld abzuziehen. DB ist nicht in der Lage einen menschlichen Mitarbeiter daf√ºr telefonisch bereitzustellen. Schickt immer wieder nur irgendwelche  automatischen Antworten raus. Ich √§rgere mich so. Man hat sich ja f√ºr so ein Ticket entschieden um etwas zu sparen. Bisher hat es mir nur deutlich mehr Geld gekostet und ganz viel nerven !",2 Bewertungen,Bewertet mit 1 von 5 Sternen,Gentiana Thaqi,DE,,
Datum der Erfahrung: 06. September 2023,Null Punkte f√ºr die bahn was ist der‚Ä¶,Null Punkte f√ºr die bahn was ist der letzte Drecksladen . Nur Ausf√§lle und reichliche versp√§tungen,1 Bewertung,Bewertet mit 1 von 5 Sternen,Pierre Meyer,DE,,
Datum der Erfahrung: 24. August 2023,Kaum ein Tag verl√§uft Planm√§√üig- unfassbar,"Da es tats√§chlich die Momente gab, wo etwas reibungslos geklappt hat, ist dieses Unternehmen f√ºr mich kein Totalausfall - daher 2 Sterne Erg√§nzung:Man sagt ja permanentes Versagen ist auch eine Form von Zuverl√§ssigkeit- in diesem Fall punktet die Bahn - selbst 2 Sterne sind zu viel, daher Abwertung.",1 Bewertung,Bewertet mit 1 von 5 Sternen,Mathias Huskobla,DE,,
Datum der Erfahrung: 24. August 2023,... ICE201 in K√∂ln - nat√ºrlich mit Versp√§tung,"... und wieder ICE201 in K√∂ln Richtung Flughafen Ffm. 40Minuten Versp√§tung und mein Anschlu√ü ist auch weg. Danke liebe Bahn f√ºr eure stetigen Versp√§tungen (egal mit welcher Begr√ºndung, die wiederholen sich ohnehin alle paar Tage). Hauptsache der Fahrpreis wird wieder nach oben angepasst- wenigstens das kommt ohne Versp√§tung.",31 Bewertungen,Bewertet mit 1 von 5 Sternen,Thorsten Schmidt,DE,,
Datum der Erfahrung: 22. August 2023,So viel Zeit wie bei der Deutschen Bahn‚Ä¶,"So viel Zeit wie bei der Deutschen Bahn wird einem selten im Leben gestohlen - Z√ºge fallen regelm√§√üig aus oder haben enorme Versp√§tung. Das Personal ist meist unfreundlich. Entsch√§digungen sind ein Witz, wenn √ºberhaupt vorhanden. Jeglicher Kontakt, jedes Vorhaben gestaltet sich als unaushaltbar Kompliziert. Die Wut erzeugende klimaneutrale Alternative in meinem Leben. Manchmal vermisse ich mein auto",1 Bewertung,Bewertet mit 1 von 5 Sternen,Agathe Riener,DE,,
Datum der Erfahrung: 08. Februar 2023,Unertr√§glich ‚Ä¶,"Unertr√§glich ‚Ä¶in meiner Vergangenheit musste ich mehrmals gebrauch vom Nahverkehr (Bus, Bahn etc.) machen.Mehrmals wurde ich w√∂chentlich von ""√ºberraschenden‚Äú Versp√§tungen geplagt, welche die Anfahrt zur Uni, Arbeit o.√§ verschlimmern.In NRW ist das Aufkommen von Versp√§tungen besonders ausgepr√§gt.Zum Schluss habe ich mich entschieden, die Bahn zu meiden und auf das pers√∂nliche Fahrzeug umzusteigenoder um Zeit zu sparen ein Taxi zu nehmen.Nach einzelnen weiteren Versuchen, hat die DB es bis heute nicht geschafft, diesen Ruf zu korrigieren.",5 Bewertungen,Bewertet mit 1 von 5 Sternen,Tim,TR,,
Datum der Erfahrung: 30. August 2023,Eine Kurzreise beide Richtungen ge√§ndert durch die DB,"Ende Juli buchte ich unter der o. g. Auftragsnummer eine Reise von Essen nach Frankfurt und zur√ºck.1.	Vor ca. 2 Wochen √§nderte das Unternehmen ohne Grundangabe meine Reisepl√§ne. Die von mir heute gebuchte R√ºckreise am 10.9. dauert nunmehr eine Stunde l√§nger, beinhaltet zus√§tzlich ein zweimaliges Umsteigen und f√ºhrte zu einer Mehrbelastung von 5,90 f√ºr eine Platzkarte im bereits jetzt mit hoher Auslastung definierten (neuen) Zug. Klar, die hohe Auslastung kommt von der Annullierung des Sprinterzuges den ich urspr√ºnglich gebucht hatte, die kostenpflichtige Platzreservierung in der ersten Klasse, die ihr Unternehmen jetzt zur Steigerung des Bahnverkehrs eingef√ºhrt hat, w√§re beim Sprinter vermutlich nicht notwendig gewesen.2.	Heute erreicht mich f√ºr die Hinfahrt die Nachricht, dass die Abfahrt des Zuges sich um 20 Minuten nach vorne schiebt, ebenfalls ohne eine Begr√ºndung. Die DB greift mal eben in meine private Terminplanung ein. Die mit ca. 25% angegebenen Versp√§tungen im Fernverkehr sind hier noch nicht einmal eingerechnet aber die habe ich ja auch beim nicht schienengebundenen Autoverkehr. Bei letzterem kann ich aber selbst meine Abfahrzeit festlegen und bei Bedarfsgr√ºnden √§ndern- bei der DB wird einfach diktatorisch ohne Grundangabe gehandelt. Storniere ich und steige auf das bew√§hrte Auto um so fallen Kosten f√ºr mich an.",7 Bewertungen,Bewertet mit 2 von 5 Sternen,HU H,DE,,
Datum der Erfahrung: 27. August 2023,"Abzocke, inkompetent, unzuverl√§ssig","Deutschlandticket doppelt abgebucht und statt im Rahmen der Gesetze das unrechtm√§√üig eingezogene Geld zu erstatten, setzt man auf Ignoranz.Wirklich armselig, dass ein so gro√üer Konzern es n√∂tig hat, das f√ºr sein  Geld hart arbeitende Volk derma√üen abzuzocken wo alles teurer ist.Aber mit deren gewissen Monopolstellung ist man denen leider ausgeliefer, wenn man kein Auto hat.Hauptsache die Preise steigen parallel zu den inakzeptablen Versp√§tungszeiten und der Unfreundlichkeit der Mitarbeiter (vorallem die Schaffner/Kontrolleure und DB-Sicherheitsmitarbeiter), w√§hrend das marode Schienennetz vor sich hin rostet.Und das soll wirklich Deutschlands angepriesene gr√ºne tolle Zukunft sein? Denke lieber √ºber einen Autokauf nach als an die Bahn.",8 Bewertungen,Bewertet mit 1 von 5 Sternen,C. W.,DE,,
Datum der Erfahrung: 21. August 2023,W√ºrde gerne null Sterne geben,"W√ºrde gerne null Sterne geben, ihr seid der gr√∂√üte Idioten Vereint den es gibt, Unzuverl√§ssig af. Junge sch√§mt euch was f√ºr diese Preise daf√ºr das man den ganzen Tag ohne Klimaanlage im Sommer f√§hrt. Ich hasse euch so unfassbar. Jede andere Organisation ( Ob Flixbus oder Flugzeug) Kriegt es geschissen ihr kriegt absolut nix geschissen, euer Personal besteht aus Menschlichem abschaum der dumm wie Brot ist und null behilflich ist. Ich w√ºnsche euch allen das schlimmste im Leben",1 Bewertung,Bewertet mit 1 von 5 Sternen,Gandalf Richard,DE,,
Datum der Erfahrung: 29. August 2023,Kein Tag ohne Versp√§tung,"Mein Sohn f√§hrt jetzt genau seit einer Woche zur Ausbildung im Nahverkehr und in dieser einen Woche gab es KEINEN Tag, wo der Zug KEINE Versp√§tung hatte. Und heute morgen ist der Zug sogar ganz ausgefallen, so dass er auch noch zu sp√§t zur Arbeit kam. Wenn man sich auf die Deutsche Bahn verl√§sst, ist man wirklich verlassen !!!",2 Bewertungen,Bewertet mit 1 von 5 Sternen,Heidi Lehsig,DE,,
Datum der Erfahrung: 22. August 2023,Die deutsche Bahn ist die gr√∂√üte‚Ä¶,Die deutsche Bahn ist die gr√∂√üte Frechheit die es in Deutschland gibt.Dass dieses Unternehmen eine Monopolstellung in Deutschland genie√üt ist die gr√∂√üte Schande f√ºr die deutsche Wirtschaft die man sich nur vorstellen kann. Aus unerfindlichen Gr√ºnden so schlechte Arbeit zu leisten ist nicht zu akzeptieren. Aus unerfindlichen Gr√ºnden so viele unzufriedene Kunden zu hinterlassen ist nicht zu akzeptieren. Aus unerfindlichen Gr√ºnden Menschenleben in Gefahr zu bringen (wie viele Z√ºge blieben dieses Jahr ohne Klimaanlage einfach liegen?) ist NICHT ZU AKZEPTIEREN!!!,1 Bewertung,Bewertet mit 1 von 5 Sternen,Mike Limmeroth,DE,,
Datum der Erfahrung: 25. August 2023,Arbeitet mal,"Ich zahle 80 Euro im Monat daf√ºr, dass ich regelm√§√üig 2h nach Hause brauche obwohl der Fahrtweg 30min ist. Es macht √ºberhaupt keinen Spa√ü zwei mal in Folge, aufgrund von kleinen Versp√§tungen, meine Anschlussverbindung zu verpassen und auf die n√§chste zu warten. Oder 40min laufen zu m√ºssen, weil der n√§chste Zug einfach ausf√§llt. Au√üerdem ist es sehr ungeil vom heftig unfreundlichen Bahnpersonal am Einstieg gehindert zu werden. Die T√ºren verschlossen und der Bahnfahrer steht vor dem Zug und raucht ganz entspannt, aber ohne mir oder anderen Fahrg√§sten, die T√ºr zu √∂ffnen. Ich frage mich nun nicht mehr wo diese kleinen Versp√§tungen, ihren Ursprung haben. Es ist ein Verbrechen was ihr jeden Tag abliefert. Ich w√ºnsche einen unsch√∂nen Tag.",1 Bewertung,Bewertet mit 1 von 5 Sternen,Lukas,DE,,
Datum der Erfahrung: 19. August 2023,1 Stern,"1 Stern, weil weniger nicht geht. Wir sind Richtung M√ºnchen und zur√ºck gefahren, beide Male ohne Klimaanlage bei 30 Grad- wobei wir auf der R√ºckfahrt unser Zugabteil wie auch die dort reservierten Pl√§tze nicht fanden, weil diese kurzfristig abgekappt wurden (die Info kam nur von Mitfahrenden). Kein Zug kam p√ºnktlich und 2 Ersatzz√ºge sind ausgefallen sowie die darauffolgenden Z√ºge. Wir haben uns gef√ºhlt wie im tiefsten Slum keine Ahnung wo. Alles voller als voll. Alles war alt, dreckig und wirklich traurig, wenn man bedenkt dass wir in Deutschland leben. W√§re toll, wenn da mal was erneuert werden w√ºrde.",1 Bewertung,Bewertet mit 1 von 5 Sternen,Pia Soltendieck,DE,,
Datum der Erfahrung: 29. August 2023,Lieber mit dem Auto fahren,"Lieber mit dem Auto fahren. Da kann man sich wenigstens sicher sein, dass man in humaner Zeit nach Hause kommt.Bei meinem zuk√ºnftigen Job werde ich auf jeden Fall darauf achten, dass ich nicht auf den Zug angewiesen bin.",2 Bewertungen,Bewertet mit 1 von 5 Sternen,Daniel S.,DE,,
Datum der Erfahrung: 13. August 2023,Saftladen hoch drei,"Wir sind mit dem 49 Euro Ticket von Ulm nach Dresden und zur√ºck bzw. in den neuen Bundesl√§ndern mit der Bahn und diversen regionalen Anbietern unterwegs gewesen. W√§hrend in den neuen Bundesl√§ndern ein super ausgebautes Verkehrsnetz existiert welches au√üer von Rentnern und ein paar Touristen kaum genutzt wird sah die Lage auf den Kernnetzen der Bahn genau anders herum aus. Wir durften das volle Programm genie√üen von ausgefallenen Z√ºgen, versp√§teten Z√ºgen mit verpasstem Anschluss und √ºberf√ºllten Z√ºgen mit mehreren Stunden stehen. So ein Saftladen ! Ich kann das schlechte Image der Bahn voll nachvollziehen und auch alle die lieber mit anderen Verkehrsmitteln unterwegs sind. Da klappt erschreckend wenig und mir tun die leid welche auf die Bahn angewiesen sind. F√ºr mich ist zumindest f√ºr die n√§chte Zeit Schluss mit dieser Schande f√ºr Deutschland.",1 Bewertung,Bewertet mit 1 von 5 Sternen,Matthias Vintar,DE,,
Datum der Erfahrung: 14. August 2023,Jeder einzelne ICE ist versp√§tet,"Jeder einzelne ICE ist versp√§tet. Immer. Von K√∂ln nach M√ºnchen zu reisen ist unm√∂glich, weil dann pl√∂tzlich immer irgendwas nicht stimmt und sich die Fahrt dann immens verz√∂gert. Einmal wegen mangelndem Personal, einmal wegen Weichenst√∂rung, Stellenwerkst√∂rung, Versp√§tung eines vorausfahrenden Zuges... Die vermiesen einem echt alles. Ich wollte gerade in den Urlaub fahren... Danke deutsche Bahn. F√ºr nichts!",1 Bewertung,Bewertet mit 1 von 5 Sternen,YMI .,DE,,
Datum der Erfahrung: 28. August 2023,Absolute Abzocke und Unzuverl√§ssigkeit,Absolute Abzocke und Unzuverl√§ssigkeit. Die Preise sind f√ºr eine ICE fahrt  von 50 min die letztenendes 3 Stunden dauert nicht zu tolerieren,2 Bewertungen,Bewertet mit 1 von 5 Sternen,renata kristo,DE,,
Datum der Erfahrung: 23. August 2023,Der Turmbau zu Babel,"Am 23.8.2023 fuhr ich per ICE von M√ºnster nach Reutlingen. Der erste ICE hatte schlie√ülich √ºber 40 Minuten Versp√§tung. Den Anschluss-ICE bekam ich, da der auch 45 Minuten Versp√§tung hatte. In Stgart musste ich auf den Zug nach N√ºrtingen lange warten. Ab N√ºrtingen war ein SEV eingerichtet. Die Ausschilderung zu der Bushaltestelle war ungen√ºgend. An der Bushaltestelle teilte uns ein Lotse mit, dass gleich der schnelle Bus nach Reutlingen k√§me. Der kam dann aber nicht. F√ºr den SEV war ein Busunternehmen engagiert, dessen Busfahrer aus Gr√ºnden von √úbelkeit nicht fahren k√∂nne. Irgendwann kam dann ein Bus, bei dem zun√§chst nicht zu kl√§ren war, wohin der √ºberhaupt fuhr. Ein Infoschild steckte nicht vorne an der Scheibe. Der Lotse sprach zwar Deutsch, aber kein Englisch, der Busfahrer Englisch, aber kein Deutsch. Schlie√ülich erfuhren wir um 19.40 Uhr, dass der Bus um 20.10 Uhr fahren w√ºrde. Warteb√§nke standen nicht zur Verf√ºgung. Insgesamt kam ich mit 90 Minuten Versp√§tung in Reutlingen an.",1 Bewertung,Bewertet mit 1 von 5 Sternen,Gutsfeld,DE,,
Datum der Erfahrung: 29. August 2023,Trotz Sitzplatz Reservierung keine‚Ä¶,"Trotz Sitzplatz Reservierung keine Pl√§tze, da es die Waggons nicht gibt. 3 Stunden mit 4 Koffern gestanden,  da der Zug voll ausgelastet war. Traurig aber wahr.",11 Bewertungen,Bewertet mit 1 von 5 Sternen,Silke R.,DE,,
Datum der Erfahrung: 02. September 2023,Trotz eines . Klasse Tickets vertrieben,Trotz eines 1. Klasse Tickets wurden wir auf unfreundlicher Art und Weise vertrieben. Sowas geht echt nicht.,1 Bewertung,Bewertet mit 1 von 5 Sternen,Jonas Schiller,DE,,
Datum der Erfahrung: 30. August 2023,Ich verliere mein Job bald wegen DB‚Ä¶,"Ich verliere mein Job bald wegen DB Versp√§tungen ,,  danke DB f√ºr diese voll schlechte Service . Sie sind nur am entschuldigen.",2 Bewertungen,Bewertet mit 1 von 5 Sternen,Terminator Germany,DE,,
Datum der Erfahrung: 13. August 2023,Zugfahrt mit Regionalbahn,"Ich bin mit der Regionalbahn von Rostock nach Hamburg gefahren. In Schwerin kam dann die Durchsage, dass die Bahn √ºberf√ºllt ist und G√§ste die nicht reisen m√ºssen gebeten werden auszusteigen, andernfalls wird die Bahn von der Bundespolizei ger√§umt. Nach 45 Minuten ging es weiter, allerdings nur bis Hamburg Bergedorf wegen Oberleitungsschaden.Ich schreibe diese Bewertung weil ich mir w√ºnsche das Bahn fahren attraktiver wird und ich hoffe das die Bahn sich mit ihren Kundenbewertungen auseinander setzt.",2 Bewertungen,Bewertet mit 1 von 5 Sternen,Katrin,DE,,
Datum der Erfahrung: 17. August 2023,Alllllllles schiefgelaufen,"Alllllllles schiefgelaufen, was sollte noch schlimmer sein, au√üerdem seid ihr einfach verr√ºckt, WEIL wenn die Temperatur drau√üen angenehm ist, ist eure Klimaanlage an, wenn die Temperatur √ºber 28 liegt, ist die Klimaanlage aus. DB-Personal, seid ihr normal???????????????????",1 Bewertung,Bewertet mit 1 von 5 Sternen,Sazvan Nouman,DE,,
Datum der Erfahrung: 15. Mai 2023,Ohne die Unterst√ºtzung des Bundes w√§re die Dt. Bahn AG schon sowas von pleite ...,"Meine Freundin und ich hatten am Wochenende vom 12.05. bis 15.05.23 eine Bahnfahrt von M√ºnchen nach Venedig und zur√ºck gebucht. Am Abend des 11.05. erhielten wir dann die erfreuliche Nachricht, dass wir am 15.05. voraussichtlich an der √∂sterreichisch/deutschen Grenze h√§ngenbleiben w√ºrden, da in Deutschland auf Grund des angek√ºndigten Streiks keinerlei Fernverkehr mit der Bahn mehr fahren w√ºrde. Also mussten wir uns blitzschnell eine Alternative √ºberlegen, haben am 12.05. und auch am 15.05. die Fahrt M√ºnchen - Innsbruck verfallen lassen und sind mit dem Auto bis Innsbruck (und zur√ºck). Dadurch sind uns nat√ºrlich Mehrkosten entstanden (Benzin, Parkgeb√ºhren) und auch die Strecke M√ºnchen - Innsbruck mit der Bahn haben wir bezahlt aber nicht genutzt.Der Streik fand dann schlie√ülich doch nicht statt, so dass unsere urspr√ºnglichen Reisepl√§ne h√§tten durchgef√ºhrt werden k√∂nnen. Die Bahn weigert sich daher nun vehement, uns die entstandenen Mehrkosten zu erstatten unter dem Hinweis, die Z√ºge h√§tten keine Versp√§tung gehabt. Also sollte man es in Zukunft besser drauf ankommen lassen und sich keine Alternativen zurecht legen, oder was? Nat√ºrlich macht es sich die Bahn hier zu einfach, immerhin mussten wir davon ausgehen, dass der angek√ºndigte Streik auch ausgef√ºhrt w√ºrde, aber so ist das, wenn es keinerlei Konkurrenz gibt. Da kann man sich halt alles erlauben. Und gest√ºtzt vom Bund mit unseren Steuergeldern muss man nicht mal wirtschaftlich arbeiten, bzw. nicht mal sicherstellen, dass man den eigentlichen Auftrag der Personenbef√∂rderung tats√§chlich erf√ºllt. Man kann einfach machen, was man will - oder es eben auch lassen. W√§re die Deutsche Bahn als AG auf sich allein gestellt, w√§r sie schon 10 Mal pleite. Aber finanziell unterst√ºtzt vom Bund kann sie weiter ihren Murks praktizieren. Dass jedoch irgendjemand glaubt, durch diese Arbeitsweise w√ºrde auch nur eine Person freiwillig das Auto stehenlassen und lieber √∂ffentliche Verkehrsmittel nutzen, halte ich f√ºr Wahnvorstellungen. Die Deutsche Bahn - ein Spiegelbild unserer aktuellen Gesellschaft.",3 Bewertungen,Bewertet mit 1 von 5 Sternen,Katrin,DE,,
Datum der Erfahrung: 19. August 2023,Also mal ganz im ernst dieses asoziale‚Ä¶,"Also mal ganz im ernst dieses asoziale dre""b""spack bekommt es nicht mal geschissen von A nach B zu fahren ohne eine dicke versp√§tung wer arbeitet in diesem bumsladen eigentlich, faultiere?",1 Bewertung,Bewertet mit 1 von 5 Sternen,leoanrdo m√ºnch,DE,,
Datum der Erfahrung: 13. August 2023,Willk√ºrliche Abbuchungen,"Musste bei genaueremBlick auf mein Konto feststellen, dass DB √ºber die letzten 2 Monate flei√üig jede Woche 50‚Ç¨ (statt 1x im monat) abgezogen hat‚Ä¶ Wie gewohnt keine Antwort auf Mails an kundenservice und bei anrufen kommt man nicht einmal in die Warteschleife‚Ä¶",1 Bewertung,Bewertet mit 1 von 5 Sternen,Daniel Werner,DE,,
Datum der Erfahrung: 02. September 2023,Einen Bus f√ºr 1 Zug als Ersatzverkehr‚Ä¶,Einen Bus f√ºr 1 Zug als Ersatzverkehr von Bremen nach Achim. Wen wollt Ihr eigentlich verarschen Deutsche Bahn?,2 Bewertungen,Bewertet mit 1 von 5 Sternen,Dominique Paetz,DE,,
Datum der Erfahrung: 15. August 2023,Alles ist schiefgegangen,Alles ist schiefgegangen. Auf der Fahrt von Jena nach g√∂ttingen (Direktverbindung) 20 Minuten versp√§tung und auf der r√ºckfahrt eine halbe Stunde in Gotha gewartet und in Erfurt noch Mal eine Stunde. Diesen Laden kann man dicht machen. Das n√§chste Mal wieder Auto.,1 Bewertung,Bewertet mit 1 von 5 Sternen,Hubert Schmidt,DE,,
Datum der Erfahrung: 25. August 2023,Minus 1 stern w√ºrde es besser treffen !,"Minus 1 stern w√ºrde es besser treffen !Mitte Juli das Deutschland Ticket bestellt! 4 Rufnummern angerufen ohne einen Erfolg zu verzeichnen! 1. mail am 3.8.2023 frage ob meine Bestellung durch gegangen ist ?!? Am 4.8.23 geld eingezogen f√ºr nicht erhaltenes Ticket ! Hotline Fehlanzeige ! 2. mail sofortiger Entzug der einzugserm√§chtigung sowie fristlose K√ºndigung des Tickets wegen nicht erbrachter Leistung ! Keine Reaktion seitens der DB ! Am 9.8.23 da noch immer keine Reaktion oder Best√§tigung der Bestellung gekommen ist, Geld zur√ºck geholt ! Am 11.8.23 wurde anscheinend ein Schreiben vom forderungsmanagement verfasst das ich die √úberweisung bis zum 22.8.23 zu zahlen habe! Stempel der Post 18.8.23 , Brief Ankunft in meinem Kasten am 23.8.23 ! Also der Brief von Erstellung bis zum Poststempel ben√∂tigt 1 woche, wobei die DB als Gro√üunternehmen selber stempelt! Dementsprechend ging der Brief dann am 21.8.23 tats√§chlich zur Post ! Fakt nat√ºrlich ist die Frist nicht ein zu halten wenn er erst am 23.8.23 um Kasten ist! Umgehend eine mail gesendet= keine Reaktion !!! Rufnummer die auf dem Schreiben steht angerufen, Fehlanzeige da es eine servicehotline ist und somit leider ins leere l√§uft ! Mal sehen was als N√§chstes kommt ! Gerade bei der Hotline f√ºr Beschwerden angerufen, w√ºrde Sinn ergeben nur Hilfe hat man dort leider auch nicht zu erwarten üòÇüòÇüòÇ top Dann warten wir mal auf das n√§chste was da kommt",9 Bewertungen,Bewertet mit 1 von 5 Sternen,Sascha,DE,,
Datum der Erfahrung: 19. August 2023,Behinderung im deutschen Dienst,......... ......... ......... ......... ......... wenn du als erstes H nimmst als letztes n und dazwischen urensoh setzt dann passt das.Der letzte Rotz nur noch quer Einsteiger und Rotz Koffer unterwegs Lappen die sich wichtig f√ºhlen und nicht Mal den Fahrplan kennen ich empfehle ordentlich vorher zu trinken und viel zu trinken einzupacken den sie werden sehr lange unterwegs sein und man findet nirgends soviel Inkompetenz wir dort aber es sind auch nur Menschen die Rollstuhlfahrern zeigen das selbst laufende Menschen weniger Funktionen am k√∂rper tragen als diese Mitarbeiter,1 Bewertung,Bewertet mit 1 von 5 Sternen,Peter Lustig,DE,,
Datum der Erfahrung: 08. August 2023,Ich habe seit 3 Monaten das‚Ä¶,"Ich habe seit 3 Monaten das Deutschlandticket und bin gestern von Friedrichshafen nach Schaffhausen und zur√ºck gefahren.Der Zug der in FN startet, setzte sich ohne Angabe von Gr√ºnden 20 Minuten nach Fahrplan in Bewegung, nach Angabe des Zugpersonal wegen fehlendem Zugf√ºhrer. Durch diese Versp√§tung war der komplette Plan aus dem Takt. Wir hatten dadurch mehrmalige au√üerordentliche Halte um Gegenz√ºge vorbeizulassen. Der Zug endete dann bereits in Singen ,er sollte eigentlich bis Basel laufen. Die beiden Toiletten, eine war gesperrt die zweite wegen extremer Verschmutzung nicht zu ben√ºtzen.Ein Weiterkommen von Singen war nur mit Schweizer Bahn m√∂glich.Ein Unterschied in Bezug auf P√ºnktlichkeit und Sauberkeit von 100%!!!!",1 Bewertung,Bewertet mit 1 von 5 Sternen,Thomas Richter,DE,,
Datum der Erfahrung: 22. August 2023,BahnCard-√Ñnderungen ohne Ank√ºndigung,"Da manche Bewertungen zu unterirdisch sind: doch 3 Sterne. Aber dass die Partner-BahnCard dieses Jahr tats√§chlich auch f√ºr Kunden sang- und klanglos eingestellt wurde, nervt. V. a. da wir es erst mit der Zustellung von nur noch 1 BahnCard mitbekommen haben und es dadurch auch zu sp√§t f√ºr die K√ºndigung noch in diesem Jahr ist...",4 Bewertungen,Bewertet mit 3 von 5 Sternen,Christian M.,DE,,
Datum der Erfahrung: 20. August 2023,"Bei Gott, bitte tut euch das nicht an!","Das n√§chste Mal kauf ich mir lieber Koks und renn √ºberall hin, als nocheinmal mit nur einem dieser mickrigen Z√ºge zu fahren. Liebe Deutsche Bahn: Wie kann es sein, dass KEIN EIZIGER Zug, sowohl auf unserer Hin- als auch R√ºckfahrt, p√ºnktlich war???? Auf der Hinfahrt insgesamt 4h Versp√§tung. Auf der R√ºckfahrt 2h. Briefe vom Finanzamt sind daf√ºr p√ºnktlich. Typisch Deutschland.",1 Bewertung,Bewertet mit 1 von 5 Sternen,Diana Xxx,DE,,
Datum der Erfahrung: 04. August 2023,Deutschland Ticket doppelt abgebucht‚Ä¶,"Deutschland Ticket doppelt abgebucht seit nunmehr 3 Monaten. DB-ABO Hotline (kostenpflichtig!) schon √ºber 40‚Ç¨ in der Wartschleife vergeudet, nicht einen Mitarbeiter ans Telefon bekommen. Bei der DB Hotline wird man nur ganz freundlich auf den Abo Service verwiesen. 13 Mails geschrieben - alle ohne Antwort. Nie mehr deutsche Bahn. Dann doch lieber Porsche.",1 Bewertung,Bewertet mit 1 von 5 Sternen,maximilian hohenberg,DE,,
Datum der Erfahrung: 18. August 2023,Ich fahre mit der Bahn seit Anfang des‚Ä¶,"Ich fahre mit der Bahn seit Anfang des Jahres und die Bahn hat deutlich mehr Versp√§tungen als sie P√ºnktlich ist. Einfach nur unzuverl√§ssig. Was P√ºnktlichkeit angeht, sollte sich die Deutsche Bahn etwas bei Japan anschauen. Viel extremerer Verkehr und trotzdem p√ºnktlicher als die Deutsche Bahn. Ist mittlerweile nur noch ein schlechter Witz.",2 Bewertungen,Bewertet mit 1 von 5 Sternen,Anime Maniac,DE,,
Datum der Erfahrung: 18. August 2023,Inkompetenten idioten nix als‚Ä¶,Inkompetenten idioten nix als Versp√§tung I  den letzten 2 Tagen besser Kare anschaffen selber fahren  und dan noch die hohen Preise f√ºr was damit man versp√§tet  den n√§chsten Zug verpast üò°üò°üò°üò°üò°üò°üñï,2 Bewertungen,Bewertet mit 1 von 5 Sternen,Jason,US,,
Datum der Erfahrung: 14. August 2023,Danke,"Danke, Liebe Deutsche Bahn!Reise aus der Schweiz nach M√ºnchen geplant und schon am Vortag alles am Schweizer Bahnschalter organisiert und alle ""Eventualit√§ten"" abgekl√§rt und organisiert. Reise nach M√ºnchen war super mit dem Eurocity aus der Schweiz! Dann wollte ich die R√ºckreise mit der Deutschen Bahn antreten, was aber schlecht funktio iert, wenn ohne Info pl√∂tzlich Z√ºge gestrichen werden, der Rest der Z√ºge mit erheblichen Versp√§tungen, wegen fehlendem Personal oder sonstigen ""Gr√ºnden""nicht ans Ziel f√ºhren. Wenn man dann mal einen Zug erwischt, fehlen ""Ausversehen"" ein paar Wagen und man darf sich gepflegt in den Zug pressen. Das Highlight ist aber definitiv, dass Ich heute keine Chance mehr habe, nach Hause in die Schweiz zu kommen und mir die Nacht irgendwo im deutschen Nirgendwo um die Ohren schlagen kann, um mir morgen fr√ºh ein neues Ticket zu kaufen, um "" vielleicht"" einen Zug zu erwischen, der mich nach Hause bringt.Danke, war das erste und letzte mal, das ich einen Ausflug mit der db "" geniesse""!",1 Bewertung,Bewertet mit 1 von 5 Sternen,Spectral Fear,CH,,
Datum der Erfahrung: 02. August 2023,Unterirdisch schlecht!,"ICE 108 Zug f√§hrt eine andere Strecke als bei der TicketBuchung angegeben, man wird im Vorfeld nicht dar√ºber informiert, aus einer schnellen Direktverbindung wird eine lange Umsteigeverbindung und dazu wird noch eine Versp√§tung von mehr als 40 Minuten eingefahren. Der Zug kommt immer wieder zum Halt oder f√§hrt langsam, dadurch schon zwei Anschlussm√∂glichkeiten weg. Gesamtversp√§tung von gesch√§tzt zwei Stunden (momentan), kann auch noch l√§nger werden. Versp√§tetes Personal, Lokf√ºhrer kommt wg Versp√§tung seines Zuges nicht p√ºnktlich zur Arbeit. Ein Stern ist noch zu viel! Unterirdisch!",2 Bewertungen,Bewertet mit 1 von 5 Sternen,Elke Schneider,DE,,
Datum der Erfahrung: 15. August 2023,Ich fahre  normalerweise   gerne mit‚Ä¶,Ich fahre  normalerweise   gerne mit den Zug Aber heute  k√∂nnte   ich  sie......  .  Zuerst  sagen  sie  5 Minuten  Versp√§tung   und wie die 5 min vorbei   waren  waren  es pl√∂tzlich  40 Minuten.        Die h√§tten  wenigstens  ein taxi zahlen  k√∂nnen    und sich  entschuldigen    aber  nichts . Und  der  Grund  reparatur   am Zug.,3 Bewertungen,Bewertet mit 2 von 5 Sternen,Karoline Biswanger,DE,,
